Age,Mortality
26,0.000556
27,0.000568
28,0.000583
29,0.000599
30,0.000619
31,0.00065
32,0.000687
33,0.000723
34,0.000769
35,0.000817
36,0.000873
37,0.00095
38,0.001039
39,0.00113
40,0.001226
41,0.001337
42,0.001447
43,0.001573
44,0.001709
45,0.001857
46,0.002014
47,0.002199
48,0.002411
49,0.002635
50,0.002881
51,0.003145
52,0.003449
53,0.003795
54,0.004178
55,0.004613
56,0.005106
57,0.00562
58,0.00617
59,0.006776
60,0.007501
61,0.008274
62,0.009044
63,0.009891
64,0.010792
65,0.011795
